text,true_emotion,predicted_emotion
@Jen_ny69 People will always get offended everyone's situation is different! Just because we have kids doesn't mean we have to settle,anger,anger
@LiamCannon1 He's just too raging to type properly... Ha ha!,anger,anger
Sometimes I get mad over something so minuscule I try to ruin somebodies life not like lose your job like get you into federal prison #anger,anger,anger
@DailyMirror i love how theres no outrage that it's a white man but if it was a black man them BLM would be all over it regardless of reason,anger,anger
If I spend even 5 minutes with you and you already irritate me I seriously will bitch you out until you shut up,anger,anger
"Note to self ~ Stop laughing at things that offend you, it's ok to get mad at people \n#NoteToSelf #offended #mad #upset",anger,anger
"@TrevorHMoore @paget_old In Scotland, the right-wingers are the most rabid anti-nationalists. Socialists are mostly in favour.",anger,anger
"Realest ever, relentless ever, inevitable that I win.",anger,joy
"@FluDino Event started! everyone is getting ready to travel to the lake of rage, where everything glows",anger,fear
@fluffysoftlouis no no. I insist that you give me your best insult first,anger,anger
"Why to have vanity sizes?Now sizes S,XS(evenXXS sometimes) are too big, WTF?! Dear corporate jerks, Lithuania didn't need this. #rant #angry",anger,anger
"@DxfyingGrxvity - frustration, looking up at Elphaba in a frown of aggravation. Her high pitched voice was growing more and more --",anger,anger
@RevTrevK @Wolfman93011 @Daraidernation @EROCKhd Take 2k out of it the numbers on madden are low and have dropped and people are unhappy,anger,anger
"(Sam) Brown's Law: Never offend people with style when you can fake that, you have to break us in this Island.",anger,anger
"@HomeSwapperteam  Spent months arranging swap , new jobs etc, now I've found out she's been leading me on a merry dance. #fuming with her",anger,anger
@isthataspider @dhodgs i will fight this guy! Don't insult the lions like that! But seriously they kinda are.Wasted some of the best players,anger,anger
@danbloom1 beware the fury of a weak king,anger,anger
"Just watched Django Unchained, Other people may frown, but I titter in delight! 2/5",anger,joy
Ok scrubbed hands 5 times before trying to put them in.\nEyeballs #burning \n#EvenMoreBlind accidentally scared the #cat whilst #screeching,anger,fear
"Is it me, or is Ding wearing the look of a man who's just found his arch enemy in bed with his missus? #angryman ",anger,anger
Whatt a trailerrrr !!! @karanjohar @AnushkaSharma #RanbirKapoor #AishwaryaRaiBachchan i am COMPLETELY BLOWN !!  #longingformore,fear,joy
@AttentiAlGatto LOL! Why would it scare me? It doesn't make any sense at all but it doesn't scare me! {chuckles},fear,joy
Bout ta get my @dontbreathe on up in here! @WarrenTheaters  #icantholdmybreaththatlong,fear,fear
"Gahh...BT, in queue for 30 minutes.. Now put through to BT Sport dept to cancel... back in a queue again... ",fear,anger
@lukeshawtime terrible,fear,sadness
On @Varneyco/@FoxBusiness to talk latest on #Chelsea Bombing + #Ahmad_Khan_Rahami's trips to #Afghanistan/#Pakistan #tcot #terror,fear,fear
There goes the butterflies in my stomach.  #anxietyproblems,fear,fear
Okay. Brace yourself. I will attempt my first loaf of bread in the morning. I will use a dutch oven. I will make the dough now. ,fear,joy
Hillary Clinton looked the other way to the Saudi war on women and their terror financing because they bought her off.,fear,anger
The Apocalypse has hit our gym and it's  nothing what I thought it would be...\n\nEveryone is wearing vests! What if it's contagious? ,fear,fear
@AaliyahLove69 I would be intimidated but I would like to think I would have manned up and helped.,fear,fear
If my concerns &amp; anxiety don't matter to you then I shall return the favor. #EyeMatter,fear,fear
I have been seeing terrible terrible prescriptions this week. What's going on?,fear,sadness
Staff on @ryainair FR1005. Asked for info and told to look online. You get what you pay for. #Ryanair @STN_Airport #Compensation ,fear,anger
My Modern Proverb: 'Don't let anyone intimidate you about being single; most marriages end in divorce.',fear,joy
@hollywooddivas @TMZ_Sports Idiots like Larry Sanders scare us All!How can Morons these days Rush 2 Judge #Police w/o all facts yet?FU thugs,fear,anger
"@spencer0415 awe, I love you kid!!",fear,joy
"#twitter #users Tweeting on twitter is like playing a game against the computer. Where's the life, Everyone too #afraid to say something?",fear,fear
‚ÄúWe can easily #forgive a #child who is #afraid of the #dark; the real #tragedy of #life is when #men are #afraid of the #light.‚Äù‚ÄìPlato,fear,fear
I know this is going to be one of those nights where it takes an Act of God to fall asleep. ,fear,fear
"Be it a rainy day, be it cheerful sunshine, I am a Prussian, want nothing to be but a Prussian.:|",joy,joy
4-2 Canada final tomorrow #WCH #Predictions #optimism #Canadian üá®üá¶,joy,joy
@MacDsmash you should get some @SSB_Swedish delight,joy,joy
@MichiganBromo Good optimism sir :),joy,joy
@harrietemmett great minds think alike. ,joy,joy
@Communism_Kills i get the subway melt and make sure it's only hearty italian bread... black olives are a must though,joy,joy
A hearty Jonza! to all my friends and follower.,joy,joy
"@PhilGlutting Hey There Phil Glutting thank you for following us, it's appreciated :) ",joy,joy
Each day is what you make of it! #goals #challenges #business #goals   #success #photographer #photography #ThursdayThoughts,joy,joy
@tomlinmayniac starting my new challenge ! A glee poll every day !,joy,joy
@GigaFag @pipertownsend_ snapchat new would beg to differ ,joy,joy
"Imagine how sad LA fans are gona be when they get eliminated...Man that's gonna be Nirvana, a religious experience rejoicing in their misery",joy,joy
"@DocBellsSwan *peers down at you, eyes crinkling with mirth and affection* I do love ye so, my bonnie Belle.",joy,joy
"Ready for that nice, breezy, calm, sunshine weather.üçÇüçÅ #Autumn",joy,joy
"...at your age, the heyday in the blood is tame...' @TheArtofCharm #shakespeareaninsults #hamlet #elizabethan #williamshakespeare",joy,sadness
"@theclobra lol I thought maybe, couldn't decide if there was levity or not",joy,fear
I love my family so much #lucky #grateful #smartassfamily #hilarious #love,joy,joy
@harrietemmett great minds think alike. #rejoice,joy,joy
So far ours greet have raised ¬£250 for @HGatChristmas with more to come in #sparkling @CllrJohnFox @simoncotton69,joy,joy
"TheNiceBot: IndyMN I thought the holidays could not get any more cheerful, and then I met you. #TheNiceBot #ÿßŸÑÿÆŸÅÿ¨Ÿä",joy,joy
Common app just randomly logged me out as I was writing the last part of my college essay and lost all of it üò≠üò≠üò≠,sadness,sadness
"@Eeevah14 don't I know it, try not to fret my sweet little pupper",sadness,fear
you are on an endless journey of figuring yourself out; don't be discouraged when you don't know who you are yet.,sadness,sadness
"Stars, when you shine,\nYou know how I feel.\nScent of the pine, \nYou know how I feel.\nFreedom is mine,\nI know how I feel.\nI'm feelin' good.",sadness,joy
It's basically a dead skin peel which sounds grim. But it literally gets rid of so much dead skin from your pores.,sadness,joy
"@ccrago It was dreadful, even after he met the Catfish he still thought it was her!",sadness,sadness
SOBRIETY¬Æ   trying to make being sober fashionable‚Ä¶.can it be done ? #zeroalcohol #soberoctober #clubsoda #nomorehangovers #sober,sadness,joy
watching this uni reveal is so depressing i miss stingrays :(,sadness,sadness
aaahhhh! a little @OtisRedding to soothe the soul. #music ,sadness,joy
"A pessimist is someone who, when opportunity knocks, complains about the noise #mikeshumor",sadness,anger
Remembering those day when u still did'nt know kpop n thinking about how sad your life was without it - Kpop fan,sadness,joy
Chalk dance notation entree manchester inasmuch as corinthian products that discourage drag branding: ARwuEVfqv,sadness,anger
If you #invest in my new #film I will stop asking you to invest in my new film. #concessions #crime #despair #shortsightedness #celebrities,sadness,sadness
"@KeithOlbermann depressing how despicable Trump, with no policies, campaigning on bigotry &amp; rancour can be so close, evil immoral disaster",sadness,anger
@1johndes ball watching &amp; Rojo'd header was equally dreadful!!,sadness,anger
If I had a little bit of extra money I would blow the whole paycheck and go to one of the two of @KygoMusic's concerts in LA. #serious,sadness,joy
yesterday i finished watching penny dreadful and from all the beautiful things i saw one question remains: were the writers HIM's fans?,sadness,joy
If Angelina Jolie can't keep a man no one can. Today we mourn because Love is dead,sadness,sadness
@kayleighmcenany  @DonaldJTrumpJr Is that really all you can offer for those who sacrifice daily to keep you safe...? @kayleighmcenany #sad,sadness,sadness
HATE that there's ads for #depression &amp; #mentalhealth #meds. That's ONLY something your doctor can determine. Everyone is different. #ssri,sadness,anger
